C4B0890D-F795-5936-5F56-28B4BC3AA9C8_time (s),C4B0890D-F795-5936-5F56-28B4BC3AA9C8_raw_resistance
0.0,204.7329864501953
0.012,204.7329864501953
0.012,198.31121826171875
0.028,328.6328125
0.028,371.09564208984375
0.044,340.75
0.044,340.75
0.059,353.67498779296875
0.075,353.67498779296875
0.075,350.3636474609375
0.103,357.0420227050781
0.123,378.4955749511719
0.151,378.4955749511719
0.161,353.67498779296875
0.181,353.67498779296875
0.191,334.5952453613281
0.223,334.5952453613281
0.239,350.3636474609375
0.254,350.3636474609375
0.264,378.4955749511719
0.27,382.2946472167969
0.282,371.09564208984375
0.282,378.4955749511719
0.314,378.4955749511719
0.314,322.8538513183594
0.329,320.0305480957031
0.345,331.5905456542969
0.345,320.0305480957031
0.355,317.25
0.355,170.5610809326172
0.375,161.14285278320312
0.375,156.73304748535156
0.385,155.02101135253906
0.385,155.02101135253906
0.405,161.14285278320312
0.405,165.74778747558594
0.415,146.875
0.415,145.32400512695312
0.435,135.125
0.435,137.2183837890625
0.445,131.73977661132812
0.445,121.11538696289062
0.465,121.70526123046875
0.465,118.79655456542969
0.475,110.64262390136719
0.475,109.10713958740234
0.495,108.60194396972656
0.495,102.78504943847656
0.505,100.48773193359375
0.526,101.85758209228516
0.542,95.67359161376953
0.542,92.77034759521484
0.55,83.30081176757812
0.55,79.86280059814453
0.57,77.24031066894531
0.57,78.86649322509766
0.58,80.875
0.58,82.25
0.6,77.24031066894531
0.6,75.65560913085938
0.61,73.20249938964844
0.61,72.01237487792969
0.63,72.90274047851562
0.63,73.20249938964844
0.66,70.84558868408203
0.66,70.2707290649414
0.67,69.98540496826172
0.67,70.84558868408203
0.69,68.85783386230469
0.69,70.55745697021484
0.7,70.55745697021484
0.7,69.70145416259766
0.72,69.13768005371094
0.72,69.41888427734375
0.73,67.20664978027344
0.73,66.3985824584961
0.75,64.81627655029297
0.75,66.3985824584961
0.76,66.13176727294922
0.76,66.3985824584961
0.78,66.3985824584961
0.78,66.3985824584961
0.79,65.86619567871094
0.79,65.07691955566406
0.81,66.3985824584961
0.81,67.75179290771484
0.82,67.47856903076172
0.82,68.57933044433594
0.84,67.75179290771484
0.84,68.02631378173828
0.85,68.30215454101562
0.85,69.70145416259766
0.87,70.84558868408203
0.87,73.80653381347656
0.88,75.65560913085938
0.88,74.11083221435547
0.9,76.6015396118164
0.9,78.2109375
0.91,84.36885070800781
0.91,86.18836212158203
0.93,85.45454406738281
0.93,85.45454406738281
0.94,90.37428283691406
0.94,91.1637954711914
0.96,94.0
0.96,94.41470336914062
0.97,99.58841705322266
0.97,100.03669738769531
0.99,103.25312805175781
0.99,103.72413635253906
1.0,109.61563873291016
1.0,110.12744903564453
1.02,113.80602264404297
1.02,114.34563446044922
1.03,121.70526123046875
1.03,120.52961730957031
1.05,122.89752960205078
1.05,125.33333587646484
1.06,122.89752960205078
1.06,121.70526123046875
1.08,127.83999633789062
1.08,128.4781036376953
1.11,150.05328369140625
1.11,152.5062255859375
1.12,152.5062255859375
1.12,153.33749389648438
1.139,160.24569702148438
1.139,163.88157653808594
1.159,160.24569702148438
1.169,154.1757354736328
1.185,160.24569702148438
1.185,165.74778747558594
1.215,184.15866088867188
1.215,180.87203979492188
1.225,199.56922912597656
1.225,197.0659942626953
1.245,199.56922912597656
1.245,188.69117736816406
1.255,188.69117736816406
1.255,192.20895385742188
1.275,314.51129150390625
1.275,328.6328125
1.285,343.9024353027344
1.285,340.75
1.305,374.7631530761719
1.305,374.7631530761719
1.315,343.9024353027344
1.315,347.1065673828125
1.335,363.94873046875
1.335,363.94873046875
1.345,378.4955749511719
1.345,371.09564208984375
1.365,363.94873046875
1.365,353.67498779296875
1.375,340.75
1.375,343.9024353027344
1.394,363.94873046875
1.394,350.3636474609375
1.414,347.1065673828125
1.423,371.09564208984375
1.439,378.4955749511719
1.439,343.9024353027344
1.449,188.69117736816406
1.467,189.8522186279297
1.483,176.63255310058594
1.499,179.7971649169922
1.514,152.5062255859375
1.534,154.1757354736328
1.534,150.86419677734375
1.56,152.5062255859375
1.57,150.86419677734375
1.59,148.4512176513672
1.6,153.33749389648438
1.62,145.32400512695312
1.63,148.4512176513672
1.65,140.81640625
1.66,142.29527282714844
1.68,135.81748962402344
1.69,135.125
1.71,130.42066955566406
1.72,131.07777404785156
1.756,139.36045837402344
1.782,135.125
1.798,137.2183837890625
1.814,130.42066955566406
1.829,129.7683868408203
1.849,123.5
1.849,122.2992935180664
1.878,119.3702392578125
1.888,121.70526123046875
1.908,110.64262390136719
1.918,110.64262390136719
1.938,107.60128784179688
1.963,107.60128784179688
2.054,102.78504943847656
2.074,102.78504943847656
2.1,101.39814758300781
2.142,96.52537536621094
2.158,96.95509338378906
2.174,96.95509338378906
2.205,92.77034759521484
2.215,92.77034759521484
2.235,81.55882263183594
2.262,81.21600341796875
2.278,79.19685363769531
2.294,79.19685363769531
2.309,77.24031066894531
2.352,77.88571166992188
2.384,80.19841003417969
2.399,79.86280059814453
2.419,82.25
2.419,83.30081176757812
2.445,79.86280059814453
2.455,79.52894592285156
2.475,75.96930694580078
2.485,75.96930694580078
2.505,72.30769348144531
2.523,72.30769348144531
2.533,72.60447692871094
2.553,72.90274047851562
2.563,72.01237487792969
2.583,72.01237487792969
2.593,69.98540496826172
2.613,69.98540496826172
2.654,70.84558868408203
2.674,69.70145416259766
2.674,67.75179290771484
2.7,67.75179290771484
2.71,68.85783386230469
2.73,69.13768005371094
2.74,68.57933044433594
2.76,67.75179290771484
2.77,70.2707290649414
2.79,70.2707290649414
2.8,67.75179290771484
2.848,67.47856903076172
2.864,68.02631378173828
2.879,68.02631378173828
2.922,67.20664978027344
2.938,67.75179290771484
2.954,66.3985824584961
2.969,66.3985824584961
2.989,64.04157257080078
2.989,64.29861450195312
3.013,64.29861450195312
3.028,64.29861450195312
3.044,64.55684661865234
3.059,65.07691955566406
3.079,65.07691955566406
3.079,65.07691955566406
3.105,65.33878326416016
3.115,65.60187530517578
3.121,64.81627655029297
3.133,64.55684661865234
3.133,64.55684661865234
3.149,65.07691955566406
3.149,65.60187530517578
3.164,66.13176727294922
3.164,67.47856903076172
3.184,68.02631378173828
3.184,66.93601989746094
3.225,67.47856903076172
3.225,66.3985824584961
3.235,66.13176727294922
3.235,68.02631378173828
3.255,68.30215454101562
3.255,68.30215454101562
3.269,68.30215454101562
3.269,70.55745697021484
3.284,70.55745697021484
3.284,72.60447692871094
3.304,74.41666412353516
3.314,74.72405242919922
3.33,74.11083221435547
3.33,74.41666412353516
3.34,81.21600341796875
3.34,84.72876739501953
3.36,88.05899047851562
3.36,96.52537536621094
3.37,99.14286041259766
3.37,104.67507934570312
3.39,107.60128784179688
3.39,110.64262390136719
3.4,118.226806640625
3.4,120.52961730957031
3.42,122.2992935180664
3.42,124.71785736083984
3.43,140.81640625
3.43,153.33749389648438
3.45,155.8734130859375
3.45,314.51129150390625
3.46,157.60000610351562
3.46,161.14285278320312
3.528,208.75
3.528,334.5952453613281
3.536,331.5905456542969
3.536,334.5952453613281
3.556,360.4660949707031
3.556,350.3636474609375
3.566,340.75
3.566,357.0420227050781
3.586,394.1100769042969
3.586,363.94873046875
3.596,398.1944580078125
3.596,386.16217041015625
3.616,378.4955749511719
3.616,350.3636474609375
3.625,337.64801025390625
3.625,337.64801025390625
3.673,180.87203979492188
3.673,163.88157653808594
3.689,155.02101135253906
3.689,150.86419677734375
3.704,158.474365234375
3.704,158.474365234375
3.724,144.55776977539062
3.733,145.32400512695312
3.749,140.08560180664062
3.749,138.64093017578125
3.769,129.7683868408203
3.779,135.125
3.823,131.73977661132812
3.823,131.07777404785156
3.839,131.73977661132812
3.839,117.66095733642578
3.854,118.79655456542969
3.854,115.98644256591797
3.874,115.4358139038086
3.884,118.226806640625
3.9,116.54081726074219
3.9,109.10713958740234
3.91,106.12420654296875
3.91,104.67507934570312
3.93,103.72413635253906
3.93,101.39814758300781
3.94,103.25312805175781
3.94,97.8222885131836
3.96,96.52537536621094
3.96,94.83185577392578
3.97,96.09821319580078
3.97,89.20680236816406
3.99,88.05899047851562
3.99,82.59838104248047
4.008,82.59838104248047
4.008,77.88571166992188
4.016,77.88571166992188
4.016,77.24031066894531
4.052,77.56217956542969
4.062,77.88571166992188
4.082,77.88571166992188
4.124,81.55882263183594
4.139,80.19841003417969
4.159,74.11083221435547
4.159,73.80653381347656
4.185,72.01237487792969
4.195,72.01237487792969
4.215,70.55745697021484
4.225,70.55745697021484
4.245,70.84558868408203
4.259,70.84558868408203
4.274,71.1351318359375
4.294,71.42610931396484
4.294,68.57933044433594
4.32,69.13768005371094
4.33,68.30215454101562
4.35,68.57933044433594
4.36,66.66666412353516
4.38,66.66666412353516
4.422,68.30215454101562
4.438,68.30215454101562
4.454,69.70145416259766
4.469,69.41888427734375
4.489,66.93601989746094
4.489,67.20664978027344
4.514,67.75179290771484
4.534,66.93601989746094
4.564,65.07691955566406
4.564,64.55684661865234
4.589,63.277523040771484
4.604,63.531036376953125
4.618,64.29861450195312
4.634,63.78571319580078
4.649,64.29861450195312
4.669,64.29861450195312
4.669,63.78571319580078
4.723,63.78571319580078
4.739,64.04157257080078
4.753,64.04157257080078
4.769,63.78571319580078
4.784,64.29861450195312
4.804,65.07691955566406
4.804,64.81627655029297
4.834,65.07691955566406
4.834,64.81627655029297
4.86,65.86619567871094
4.87,66.13176727294922
4.89,67.20664978027344
4.9,66.93601989746094
4.92,66.13176727294922
4.95,65.86619567871094
4.96,66.93601989746094
4.98,68.02631378173828
5.022,69.98540496826172
5.038,69.41888427734375
5.054,71.42610931396484
5.069,71.42610931396484
5.089,73.5037612915039
5.089,73.5037612915039
5.115,72.30769348144531
5.133,72.90274047851562
5.141,73.20249938964844
5.161,72.90274047851562
5.171,75.34351348876953
5.191,75.65560913085938
5.2,86.18836212158203
5.22,86.18836212158203
5.23,84.01090240478516
5.25,84.01090240478516
5.26,85.09066009521484
5.28,86.18836212158203
5.28,95.25148010253906
5.324,94.83185577392578
5.324,102.78504943847656
5.339,101.39814758300781
5.339,106.12420654296875
5.359,104.67507934570312
5.369,110.12744903564453
5.385,110.64262390136719
5.385,118.226806640625
5.395,124.71785736083984
5.395,120.52961730957031
5.415,118.79655456542969
5.415,129.7683868408203
5.425,127.83999633789062
5.425,138.64093017578125
5.445,138.64093017578125
5.445,149.2489776611328
5.455,149.2489776611328
5.455,155.8734130859375
5.475,155.8734130859375
5.475,167.64732360839844
5.485,170.5610809326172
5.485,161.14285278320312
5.505,162.960693359375
5.505,178.73239135742188
5.515,177.6775665283203
5.515,168.60986328125
5.535,174.57142639160156
5.535,221.6089324951172
5.545,221.6089324951172
5.545,194.61306762695312
5.565,193.40499877929688
5.565,207.39682006835938
5.575,334.5952453613281
5.575,340.75
5.623,337.64801025390625
5.623,347.1065673828125
5.654,367.49139404296875
5.654,382.2946472167969
5.674,353.67498779296875
5.684,337.64801025390625
5.7,363.94873046875
5.7,357.0420227050781
5.71,374.7631530761719
5.71,371.09564208984375
5.73,320.0305480957031
5.73,320.0305480957031
5.74,296.4356994628906
5.74,227.74856567382812
5.76,181.95713806152344
5.76,181.95713806152344
5.77,155.8734130859375
5.77,153.33749389648438
5.79,154.1757354736328
5.79,143.04347229003906
5.8,135.81748962402344
5.8,139.36045837402344
5.82,135.81748962402344
5.82,140.08560180664062
5.83,137.2183837890625
5.83,129.7683868408203
5.85,127.2065200805664
5.85,125.33333587646484
5.86,117.66095733642578
5.86,111.68316650390625
5.88,112.20861053466797
5.88,109.61563873291016
5.926,105.15505981445312
5.926,99.58841705322266
5.936,96.95509338378906
5.936,94.0
5.956,89.20680236816406
5.956,79.19685363769531
5.965,77.56217956542969
5.965,76.92010498046875
5.985,78.53785705566406
5.985,82.59838104248047
5.995,81.90348815917969
5.995,74.72405242919922
6.015,72.60447692871094
6.015,72.01237487792969
6.025,71.71852111816406
6.025,72.90274047851562
6.045,71.1351318359375
6.045,69.13768005371094
6.055,70.55745697021484
6.055,70.2707290649414
6.075,69.13768005371094
6.075,68.85783386230469
6.085,68.02631378173828
6.085,66.3985824584961
6.105,65.07691955566406
6.105,64.55684661865234
6.115,64.04157257080078
6.115,65.07691955566406
6.135,65.60187530517578
6.135,65.07691955566406
6.145,65.07691955566406
6.145,65.60187530517578
6.165,66.66666412353516
6.165,65.60187530517578
6.175,65.60187530517578
6.175,66.66666412353516
6.239,67.47856903076172
6.239,66.3985824584961
6.254,68.02631378173828
6.254,69.41888427734375
6.274,69.98540496826172
6.284,69.98540496826172
6.3,72.90274047851562
6.3,75.96930694580078
6.31,76.6015396118164
6.31,76.6015396118164
6.33,84.36885070800781
6.33,85.45454406738281
6.34,85.45454406738281
6.34,88.43943786621094
6.362,94.0
6.362,97.38739013671875
6.371,102.78504943847656
6.371,113.2699966430664
6.387,117.0989761352539
6.387,119.94791412353516
6.403,124.10675811767578
6.403,135.125
6.419,140.08560180664062
6.419,150.05328369140625
6.432,148.4512176513672
6.432,191.02474975585938
6.447,155.8734130859375
6.447,192.20895385742188
6.463,174.57142639160156
6.463,244.39999389648438
6.479,194.61306762695312
6.479,208.75
6.522,322.8538513183594
6.522,340.75
6.538,347.1065673828125
6.538,347.1065673828125
6.554,340.75
6.554,367.49139404296875
6.569,367.49139404296875
6.569,363.94873046875
6.589,360.4660949707031
6.598,374.7631530761719
6.614,367.49139404296875
6.614,350.3636474609375
6.634,347.1065673828125
6.644,334.5952453613281
6.66,337.64801025390625
6.672,343.9024353027344
6.672,343.9024353027344
6.688,378.4955749511719
6.688,390.1000061035156
6.704,386.16217041015625
6.704,382.2946472167969
6.715,378.4955749511719
6.716,378.4955749511719
6.735,334.5952453613281
6.735,340.75
6.753,367.49139404296875
6.753,367.49139404296875
6.763,197.0659942626953
6.763,207.39682006835938
6.783,301.4130554199219
6.783,296.4356994628906
6.822,176.63255310058594
6.823,169.58108520507812
6.838,161.14285278320312
6.838,159.35621643066406
6.85,154.1757354736328
6.851,150.86419677734375
6.87,150.86419677734375
6.87,150.05328369140625
6.88,148.4512176513672
6.88,146.0963897705078
6.9,141.55294799804688
6.9,140.81640625
6.91,136.51527404785156
6.91,137.9269256591797
6.93,139.36045837402344
6.93,140.08560180664062
6.94,129.7683868408203
6.94,130.42066955566406
6.96,129.7683868408203
6.96,130.42066955566406
6.97,125.33333587646484
6.97,127.83999633789062
6.99,120.52961730957031
6.99,121.70526123046875
7.0,118.79655456542969
7.0,119.3702392578125
7.02,108.0999984741211
7.02,110.64262390136719
7.03,115.98644256591797
7.03,114.88888549804688
7.067,107.60128784179688
7.077,107.60128784179688
7.125,107.10576629638672
7.135,106.61341857910156
7.155,101.85758209228516
7.165,102.31987762451172
7.185,103.72413635253906
7.195,102.78504943847656
7.215,99.58841705322266
7.225,100.48773193359375
7.245,86.18836212158203
7.275,86.55833435058594
7.285,77.56217956542969
7.305,77.56217956542969
7.315,76.6015396118164
7.335,76.6015396118164
7.345,77.24031066894531
7.365,76.92010498046875
7.375,81.90348815917969
7.423,81.90348815917969
7.439,75.65560913085938
7.451,75.03299713134766
7.467,73.80653381347656
7.51,73.20249938964844
7.53,71.71852111816406
7.54,71.1351318359375
7.56,70.2707290649414
7.57,69.98540496826172
7.59,71.42610931396484
7.6,71.42610931396484
7.62,70.84558868408203
7.63,70.84558868408203
7.65,69.70145416259766
7.66,69.41888427734375
7.68,68.85783386230469
7.722,68.85783386230469
7.738,68.57933044433594
7.754,68.85783386230469
7.769,68.85783386230469
7.789,68.57933044433594
7.789,68.85783386230469
7.815,68.85783386230469
7.825,67.75179290771484
7.845,67.47856903076172
7.855,67.20664978027344
7.875,67.47856903076172
7.885,66.3985824584961
7.905,66.3985824584961
7.915,64.81627655029297
7.935,64.55684661865234
7.945,64.55684661865234
7.965,65.07691955566406
8.023,64.04157257080078
8.039,64.04157257080078
8.052,65.07691955566406
8.068,64.81627655029297
8.08,64.29861450195312
8.1,64.55684661865234
8.11,63.78571319580078
8.13,63.78571319580078
8.14,64.55684661865234
8.16,64.81627655029297
8.17,64.81627655029297
8.202,64.81627655029297
8.218,64.55684661865234
8.238,64.29861450195312
8.248,64.55684661865234
8.268,64.81627655029297
8.278,65.33878326416016
8.325,65.33878326416016
8.335,66.13176727294922
8.355,66.66666412353516
8.365,67.75179290771484
8.384,68.02631378173828
8.404,67.20664978027344
8.404,66.3985824584961
8.43,68.02631378173828
8.44,68.30215454101562
8.46,69.41888427734375
8.47,68.85783386230469
8.49,69.41888427734375
8.5,69.13768005371094
8.52,72.60447692871094
8.53,73.5037612915039
8.55,73.80653381347656
8.56,73.5037612915039
8.58,74.72405242919922
8.622,74.72405242919922
8.638,78.86649322509766
8.651,79.52894592285156
8.665,81.21600341796875
8.685,82.25
8.695,85.45454406738281
8.715,85.45454406738281
8.725,84.72876739501953
8.761,85.09066009521484
8.807,88.82203674316406
8.815,89.59375
8.835,88.05899047851562
8.845,88.05899047851562
8.845,97.38739013671875
8.863,97.8222885131836
8.863,101.39814758300781
8.875,100.94153594970703
8.876,102.31987762451172
8.923,102.78504943847656
8.923,111.68316650390625
8.935,110.12744903564453
8.936,117.0989761352539
8.955,117.66095733642578
8.955,122.2992935180664
8.965,121.70526123046875
8.965,136.51527404785156
8.985,137.9269256591797
8.985,145.32400512695312
8.995,153.33749389648438
8.995,151.68182373046875
9.015,309.1555480957031
9.015,187.5414581298828
9.025,176.63255310058594
9.025,168.60986328125
9.045,160.24569702148438
9.045,156.73304748535156
9.055,175.59722900390625
9.055,174.57142639160156
9.075,197.0659942626953
9.075,195.8333282470703
9.085,322.8538513183594
9.085,328.6328125
9.105,337.64801025390625
9.105,334.5952453613281
9.115,367.49139404296875
9.115,367.49139404296875
9.135,350.3636474609375
9.135,353.67498779296875
9.145,337.64801025390625
9.145,374.7631530761719
9.164,363.94873046875
9.164,367.49139404296875
9.176,386.16217041015625
9.176,382.2946472167969
9.22,378.4955749511719
9.221,340.75
9.24,298.9064636230469
9.24,301.4130554199219
9.25,211.5
9.25,253.50625610351562
9.27,171.5500030517578
9.27,159.35621643066406
9.28,155.02101135253906
9.28,160.24569702148438
9.3,160.24569702148438
9.3,147.659912109375
9.31,153.33749389648438
9.31,136.51527404785156
9.33,132.40672302246094
9.33,133.0786590576172
9.34,133.75564575195312
9.34,131.07777404785156
9.36,125.95323944091797
9.36,122.89752960205078
9.37,114.34563446044922
9.37,110.64262390136719
9.39,109.61563873291016
9.39,108.0999984741211
9.4,105.63809204101562
9.4,102.31987762451172
9.42,100.03669738769531
9.42,100.48773193359375
9.43,93.58772277832031
9.43,93.17784118652344
9.45,80.875
9.45,79.19685363769531
9.46,82.94864654541016
9.46,81.21600341796875
9.48,80.875
9.48,77.24031066894531
9.522,77.24031066894531
9.522,73.20249938964844
9.558,72.90274047851562
9.566,72.90274047851562
9.585,72.60447692871094
9.595,72.01237487792969
9.615,72.90274047851562
9.625,72.90274047851562
9.645,72.90274047851562
9.655,71.71852111816406
9.675,71.42610931396484
9.685,70.84558868408203
9.705,70.84558868408203
9.715,70.84558868408203
9.735,70.55745697021484
9.735,70.55745697021484
9.748,70.55745697021484
9.748,69.13768005371094
9.76,69.13768005371094
9.761,69.41888427734375
9.78,68.85783386230469
9.78,71.1351318359375
9.826,71.1351318359375
9.826,70.2707290649414
9.836,68.85783386230469
9.836,64.55684661865234
9.855,64.29861450195312
9.855,64.55684661865234
9.865,64.29861450195312
9.865,65.07691955566406
9.885,66.13176727294922
9.885,65.33878326416016
9.895,65.86619567871094
9.895,66.3985824584961
9.915,66.3985824584961
9.915,65.86619567871094
9.925,66.13176727294922
9.925,66.66666412353516
9.945,67.47856903076172
9.945,67.47856903076172
9.955,68.57933044433594
9.955,69.70145416259766
9.975,75.96930694580078
9.975,75.34351348876953
9.985,74.41666412353516
9.985,75.65560913085938
10.005,80.53581237792969
10.005,86.55833435058594
10.015,85.82044219970703
10.015,86.55833435058594
10.035,88.82203674316406
10.035,96.09821319580078
10.065,96.95509338378906
10.065,102.78504943847656
10.075,107.10576629638672
10.075,115.4358139038086
10.123,121.11538696289062
10.123,122.2992935180664
10.136,122.89752960205078
10.136,124.10675811767578
10.152,130.42066955566406
10.152,132.40672302246094
10.168,156.73304748535156
10.168,156.73304748535156
10.184,165.74778747558594
10.184,167.64732360839844
10.196,161.14285278320312
10.196,156.73304748535156
10.212,180.87203979492188
10.212,184.15866088867188
10.228,184.15866088867188
10.228,181.95713806152344
10.244,309.1555480957031
10.244,193.40499877929688
10.256,198.31121826171875
10.256,200.8402099609375
10.276,328.6328125
10.276,325.7209167480469
10.285,317.25
10.286,320.0305480957031
10.305,334.5952453613281
10.305,320.0305480957031
10.349,360.4660949707031
10.361,347.1065673828125
10.377,328.6328125
10.421,328.6328125
10.437,337.64801025390625
10.453,340.75
10.469,363.94873046875
10.484,363.94873046875
10.504,374.7631530761719
10.504,371.09564208984375
10.53,374.7631530761719
10.54,374.7631530761719
10.56,328.6328125
10.57,328.6328125
10.59,374.7631530761719
10.6,378.4955749511719
10.62,374.7631530761719
10.63,374.7631530761719
10.65,343.9024353027344
10.66,347.1065673828125
10.68,331.5905456542969
10.722,337.64801025390625
10.738,273.5400085449219
10.758,277.8716125488281
10.766,234.17544555664062
10.785,229.3275909423828
10.795,189.8522186279297
10.814,197.0659942626953
10.826,171.5500030517578
10.842,173.55503845214844
10.858,164.81057739257812
10.874,163.88157653808594
10.886,158.474365234375
10.902,159.35621643066406
10.918,157.60000610351562
10.934,156.73304748535156
10.946,157.60000610351562
10.962,157.60000610351562
10.962,162.04782104492188
10.982,160.24569702148438
10.982,156.73304748535156
11.024,150.86419677734375
11.024,147.659912109375
11.036,146.875
11.036,135.125
11.052,135.81748962402344
11.052,141.55294799804688
11.068,135.125
11.068,127.83999633789062
11.084,127.83999633789062
11.084,126.5776138305664
11.096,119.94791412353516
11.096,110.64262390136719
11.112,109.10713958740234
11.112,111.68316650390625
11.128,106.61341857910156
11.128,106.61341857910156
11.144,105.63809204101562
11.144,101.39814758300781
11.156,96.95509338378906
11.156,93.17784118652344
11.176,91.9624252319336
11.176,81.21600341796875
11.186,78.53785705566406
11.186,78.2109375
11.205,78.86649322509766
11.205,71.1351318359375
11.215,71.71852111816406
11.215,72.60447692871094
11.235,71.42610931396484
11.235,69.70145416259766
11.245,69.13768005371094
11.245,69.13768005371094
11.265,67.75179290771484
11.265,69.41888427734375
11.275,69.41888427734375
11.275,70.55745697021484
11.351,69.41888427734375
11.351,69.13768005371094
11.367,67.75179290771484
11.367,66.3985824584961
11.383,66.13176727294922
11.383,66.3985824584961
11.399,66.66666412353516
11.399,66.66666412353516
11.411,66.93601989746094
11.411,67.20664978027344
11.427,66.66666412353516
11.427,66.66666412353516
11.443,66.66666412353516
11.443,67.75179290771484
11.459,68.85783386230469
11.459,68.85783386230469
11.471,68.30215454101562
11.471,68.30215454101562
11.487,69.41888427734375
11.487,70.55745697021484
11.503,70.2707290649414
11.503,73.20249938964844
11.519,76.28461456298828
11.519,77.88571166992188
11.531,84.36885070800781
11.531,87.3044662475586
11.547,83.65489196777344
11.547,86.18836212158203
11.567,90.37428283691406
11.567,96.95509338378906
11.576,97.38739013671875
11.576,106.12420654296875
11.627,107.10576629638672
11.627,115.4358139038086
11.636,115.98644256591797
11.636,124.71785736083984
11.655,121.11538696289062
11.655,135.81748962402344
11.665,150.05328369140625
11.665,158.474365234375
11.685,158.474365234375
11.685,171.5500030517578
11.695,187.5414581298828
11.695,234.17544555664062
11.715,197.0659942626953
11.715,207.39682006835938
11.725,320.0305480957031
11.725,322.8538513183594
11.745,328.6328125
11.745,360.4660949707031
11.755,347.1065673828125
11.755,353.67498779296875
11.771,363.94873046875
11.771,371.09564208984375
11.787,331.5905456542969
11.787,331.5905456542969
11.803,340.75
11.803,382.2946472167969
11.819,357.0420227050781
11.819,296.4356994628906
11.831,234.17544555664062
11.831,215.73770141601562
11.847,193.40499877929688
11.847,179.7971649169922
11.863,160.24569702148438
11.863,158.474365234375
11.879,163.88157653808594
11.879,157.60000610351562
11.922,144.55776977539062
11.922,139.36045837402344
11.942,133.75564575195312
11.942,135.81748962402344
11.952,138.64093017578125
11.952,130.42066955566406
11.972,126.5776138305664
11.972,115.98644256591797
11.982,107.10576629638672
11.982,104.19811248779297
12.002,103.25312805175781
12.002,96.52537536621094
12.014,96.95509338378906
12.014,91.9624252319336
12.026,92.77034759521484
12.026,82.25
12.042,79.19685363769531
12.042,75.96930694580078
12.058,75.96930694580078
12.058,78.86649322509766
12.074,80.875
12.074,77.88571166992188
12.086,72.90274047851562
12.086,72.60447692871094
12.102,71.71852111816406
12.102,72.30769348144531
12.118,72.30769348144531
12.118,69.98540496826172
12.134,69.41888427734375
12.134,67.47856903076172
12.146,69.41888427734375
12.146,69.70145416259766
12.162,69.13768005371094
12.162,67.75179290771484
12.178,66.93601989746094
12.178,65.86619567871094
12.225,64.55684661865234
12.225,64.29861450195312
12.239,64.04157257080078
12.239,64.29861450195312
12.251,65.33878326416016
12.251,65.07691955566406
12.267,64.81627655029297
12.267,65.33878326416016
12.283,66.13176727294922
12.283,65.07691955566406
12.303,66.13176727294922
12.303,66.3985824584961
12.313,67.75179290771484
12.313,66.3985824584961
12.333,67.47856903076172
12.333,67.47856903076172
12.343,68.57933044433594
12.343,69.41888427734375
12.363,72.90274047851562
12.363,76.28461456298828
12.373,74.72405242919922
12.373,74.72405242919922
12.393,76.6015396118164
12.393,83.30081176757812
12.403,86.93035888671875
12.403,85.09066009521484
12.423,88.43943786621094
12.423,88.82203674316406
12.433,103.25312805175781
12.433,112.73754119873047
12.453,114.34563446044922
12.453,118.79655456542969
12.463,122.2992935180664
12.463,113.80602264404297
12.483,143.79762268066406
12.483,154.1757354736328
12.524,167.64732360839844
12.524,171.5500030517578
12.544,158.474365234375
12.554,189.8522186279297
12.566,171.5500030517578
12.566,220.11666870117188
12.582,193.40499877929688
12.582,325.7209167480469
12.598,320.0305480957031
12.598,343.9024353027344
12.626,343.9024353027344
12.626,343.9024353027344
12.642,374.7631530761719
12.642,363.94873046875
12.658,357.0420227050781
12.658,328.6328125
12.689,357.0420227050781
12.689,374.7631530761719
12.709,350.3636474609375
12.719,367.49139404296875
12.731,331.5905456542969
12.731,314.51129150390625
12.747,212.8972930908203
12.747,265.21429443359375
12.763,153.33749389648438
12.763,152.5062255859375
12.779,166.69332885742188
12.779,151.68182373046875
12.822,141.55294799804688
12.822,139.36045837402344
12.838,137.2183837890625
12.838,132.40672302246094
12.858,143.79762268066406
12.858,134.43772888183594
12.896,133.0786590576172
12.896,125.33333587646484
12.916,119.94791412353516
12.916,118.79655456542969
12.926,112.20861053466797
12.926,108.0999984741211
12.946,107.60128784179688
12.946,103.72413635253906
12.956,96.09821319580078
12.956,92.36521911621094
12.976,83.30081176757812
12.976,79.52894592285156
12.986,77.24031066894531
12.986,78.86649322509766
13.006,81.90348815917969
13.006,82.59838104248047
13.016,77.88571166992188
13.016,74.72405242919922
13.036,73.5037612915039
13.036,72.60447692871094
13.046,72.90274047851562
13.046,72.60447692871094
13.066,71.42610931396484
13.066,70.84558868408203
13.076,70.55745697021484
13.076,69.70145416259766
13.096,70.84558868408203
13.096,69.98540496826172
13.106,69.70145416259766
13.106,67.47856903076172
13.126,65.86619567871094
13.126,65.33878326416016
13.136,65.07691955566406
13.136,65.86619567871094
13.156,65.60187530517578
13.156,66.13176727294922
13.198,66.13176727294922
13.198,66.93601989746094
13.214,66.13176727294922
13.214,66.66666412353516
13.226,66.93601989746094
13.226,66.93601989746094
13.246,66.66666412353516
13.246,66.3985824584961
13.256,66.3985824584961
13.256,66.66666412353516
13.276,66.3985824584961
13.276,68.02631378173828
13.286,68.02631378173828
13.286,68.30215454101562
13.306,67.75179290771484
13.306,67.75179290771484
13.316,68.02631378173828
13.316,69.41888427734375
13.336,69.41888427734375
13.336,69.98540496826172
13.346,69.98540496826172
13.346,69.98540496826172
13.366,69.98540496826172
13.366,75.96930694580078
13.376,76.6015396118164
13.376,74.72405242919922
13.396,75.03299713134766
13.396,75.03299713134766
13.406,75.34351348876953
13.406,74.41666412353516
13.426,74.11083221435547
13.426,80.53581237792969
13.436,80.19841003417969
13.436,84.01090240478516
13.456,83.65489196777344
13.456,86.55833435058594
13.498,86.18836212158203
13.498,84.72876739501953
13.514,84.36885070800781
13.514,85.45454406738281
13.529,85.09066009521484
13.529,91.1637954711914
13.549,90.37428283691406
13.559,97.8222885131836
13.571,97.8222885131836
13.571,103.72413635253906
13.587,103.25312805175781
13.587,105.63809204101562
13.603,106.61341857910156
13.603,118.226806640625
13.619,117.66095733642578
13.619,124.10675811767578
13.634,122.2992935180664
13.634,124.71785736083984
13.654,121.11538696289062
13.664,140.81640625
13.676,150.86419677734375
13.676,150.86419677734375
13.696,153.33749389648438
13.696,162.04782104492188
13.706,188.69117736816406
13.706,162.04782104492188
13.726,171.5500030517578
13.726,176.63255310058594
13.736,235.82940673828125
13.736,188.69117736816406
13.756,206.05789184570312
13.756,242.6445770263672
13.798,309.1555480957031
13.798,340.75
13.814,363.94873046875
13.814,350.3636474609375
13.829,367.49139404296875
13.829,353.67498779296875
13.849,343.9024353027344
13.858,340.75
13.872,337.64801025390625
13.872,334.5952453613281
13.904,360.4660949707031
13.904,363.94873046875
13.919,386.16217041015625
13.919,378.4955749511719
13.939,363.94873046875
13.948,363.94873046875
13.963,340.75
13.963,328.6328125
13.979,331.5905456542969
13.979,334.5952453613281
13.993,232.5406951904297
13.993,242.6445770263672
14.009,206.05789184570312
14.009,192.20895385742188
14.022,191.02474975585938
14.022,177.6775665283203
14.042,154.1757354736328
14.042,154.1757354736328
14.052,161.14285278320312
14.052,150.05328369140625
14.096,141.55294799804688
14.096,137.2183837890625
14.112,137.2183837890625
14.112,137.2183837890625
14.128,136.51527404785156
14.128,131.07777404785156
14.144,127.2065200805664
14.144,128.4781036376953
14.156,124.71785736083984
14.156,122.89752960205078
14.172,122.2992935180664
14.172,122.89752960205078
14.188,114.34563446044922
14.188,111.16118621826172
14.204,106.61341857910156
14.204,106.61341857910156
14.217,109.10713958740234
14.217,109.10713958740234
14.233,106.12420654296875
14.233,107.60128784179688
14.249,100.03669738769531
14.249,95.67359161376953
14.262,77.24031066894531
14.262,79.86280059814453
14.278,82.59838104248047
14.278,80.875
14.308,76.92010498046875
14.308,74.72405242919922
14.324,73.80653381347656
14.324,72.60447692871094
14.355,72.90274047851562
14.355,73.5037612915039
14.401,73.20249938964844
14.401,72.60447692871094
14.411,72.90274047851562
14.411,69.98540496826172
14.431,71.1351318359375
14.431,70.84558868408203
14.441,70.55745697021484
14.441,68.57933044433594
14.461,68.57933044433594
14.461,68.30215454101562
14.471,69.98540496826172
14.471,70.84558868408203
14.491,72.01237487792969
14.491,68.02631378173828
14.501,66.13176727294922
14.501,65.86619567871094
14.521,64.55684661865234
14.521,64.81627655029297
14.531,66.66666412353516
14.531,66.3985824584961
14.551,66.3985824584961
14.551,66.3985824584961
14.561,66.13176727294922
14.561,66.3985824584961
14.581,66.3985824584961
14.581,66.93601989746094
14.591,66.13176727294922
14.591,66.3985824584961
14.611,67.47856903076172
14.623,67.47856903076172
14.623,67.75179290771484
14.639,68.02631378173828
14.639,68.57933044433594
14.654,69.13768005371094
14.654,68.57933044433594
14.697,70.55745697021484
14.697,72.60447692871094
14.713,75.34351348876953
14.713,75.65560913085938
14.729,74.11083221435547
14.729,74.41666412353516
14.741,79.86280059814453
14.742,87.68067169189453
14.757,86.18836212158203
14.757,86.55833435058594
14.773,91.9624252319336
14.773,97.38739013671875
14.789,98.69999694824219
14.789,109.10713958740234
14.804,113.80602264404297
14.804,114.34563446044922
14.823,123.5
14.823,135.125
14.831,150.05328369140625
14.832,151.68182373046875
14.851,159.35621643066406
14.851,168.60986328125
14.861,161.14285278320312
14.861,176.63255310058594
14.879,199.56922912597656
14.879,203.421875
14.899,202.12435913085938
14.907,337.64801025390625
14.924,343.9024353027344
14.924,328.6328125
14.939,322.8538513183594
14.939,340.75
14.954,334.5952453613281
14.954,343.9024353027344
14.997,353.67498779296875
14.997,347.1065673828125
15.013,367.49139404296875
15.013,374.7631530761719
15.029,390.1000061035156
15.029,382.2946472167969
15.06,343.9024353027344
15.06,350.3636474609375
15.07,386.16217041015625
15.088,386.16217041015625
15.104,371.09564208984375
15.119,374.7631530761719
15.139,343.9024353027344
15.139,347.1065673828125
15.196,353.67498779296875
15.206,343.9024353027344
15.226,328.6328125
15.236,317.25
15.256,226.1875
15.298,218.64088439941406
15.314,183.05262756347656
15.326,180.87203979492188
15.346,271.4172058105469
15.356,269.3223571777344
15.376,167.64732360839844
15.386,167.64732360839844
15.406,157.60000610351562
15.416,160.24569702148438
15.436,157.60000610351562
15.446,154.1757354736328
15.466,167.64732360839844
15.476,160.24569702148438
15.496,158.474365234375
15.506,156.73304748535156
15.526,147.659912109375
15.536,140.81640625
15.556,139.36045837402344
15.598,143.79762268066406
15.614,143.04347229003906
15.629,138.64093017578125
15.649,138.64093017578125
15.649,134.43772888183594
15.675,134.43772888183594
15.685,131.07777404785156
15.691,131.73977661132812
15.703,127.83999633789062
15.703,131.73977661132812
15.719,124.71785736083984
15.719,126.5776138305664
15.734,115.98644256591797
15.734,117.66095733642578
15.754,109.10713958740234
15.762,111.16118621826172
15.783,112.20861053466797
15.783,111.16118621826172
15.793,108.0999984741211
15.793,107.60128784179688
15.813,107.10576629638672
15.813,106.12420654296875
15.823,106.61341857910156
15.823,107.10576629638672
15.843,100.94153594970703
15.843,100.48773193359375
15.853,103.25312805175781
15.853,101.85758209228516
15.9,97.38739013671875
15.9,96.52537536621094
15.91,92.77034759521484
15.928,95.25148010253906
15.944,88.82203674316406
15.959,80.875
15.974,80.875
15.989,76.6015396118164
16.009,76.92010498046875
16.009,85.09066009521484
16.035,84.72876739501953
16.05,80.53581237792969
16.06,81.21600341796875
16.066,74.72405242919922
16.078,75.03299713134766
16.078,73.5037612915039
16.094,73.20249938964844
16.094,72.60447692871094
16.109,73.20249938964844
16.109,72.90274047851562
16.129,73.20249938964844
16.139,74.11083221435547
16.152,74.72405242919922
16.152,73.5037612915039
16.199,72.90274047851562
16.199,70.55745697021484
16.219,70.55745697021484
16.228,70.84558868408203
16.245,71.1351318359375
16.245,70.2707290649414
16.26,69.70145416259766
16.26,69.13768005371094
16.27,69.41888427734375
16.288,69.98540496826172
16.304,70.55745697021484
16.319,70.84558868408203
16.339,70.84558868408203
16.339,69.70145416259766
16.365,68.85783386230469
16.375,69.13768005371094
16.381,69.13768005371094
16.393,69.13768005371094
16.393,68.57933044433594
16.409,68.30215454101562
16.409,65.86619567871094
16.424,65.86619567871094
16.424,66.66666412353516
16.444,66.66666412353516
16.444,66.13176727294922
16.513,66.66666412353516
16.513,66.13176727294922
16.529,66.3985824584961
16.529,66.93601989746094
16.544,67.20664978027344
16.544,66.93601989746094
16.564,67.47856903076172
16.574,67.20664978027344
16.59,66.93601989746094
16.59,66.66666412353516
16.6,66.3985824584961
16.618,66.93601989746094
16.634,66.93601989746094
16.649,66.3985824584961
16.669,67.20664978027344
16.669,67.20664978027344
16.695,67.20664978027344
16.71,68.02631378173828
16.72,67.75179290771484
16.726,68.85783386230469
16.742,68.57933044433594
16.742,67.47856903076172
16.752,67.75179290771484
16.752,68.57933044433594
16.799,68.57933044433594
16.799,69.41888427734375
16.819,69.98540496826172
16.827,69.98540496826172
16.844,70.2707290649414
16.844,70.84558868408203
16.859,71.1351318359375
16.859,75.34351348876953
16.874,74.72405242919922
16.874,75.03299713134766
16.889,75.65560913085938
16.889,79.52894592285156
16.909,79.52894592285156
16.919,84.01090240478516
16.935,84.36885070800781
16.935,88.05899047851562
16.945,87.68067169189453
16.963,85.45454406738281
16.979,85.82044219970703
16.994,87.3044662475586
17.01,88.05899047851562
17.02,97.38739013671875
17.026,96.95509338378906
17.038,105.63809204101562
17.038,105.63809204101562
17.054,113.2699966430664
17.054,111.68316650390625
17.097,115.4358139038086
17.097,115.4358139038086
17.113,112.73754119873047
17.113,112.20861053466797
17.129,121.11538696289062
17.129,120.52961730957031
17.144,121.11538696289062
17.144,119.3702392578125
17.164,135.81748962402344
17.171,137.2183837890625
17.186,140.81640625
17.186,139.36045837402344
17.202,179.7971649169922
17.202,173.55503845214844
17.218,167.64732360839844
17.218,166.69332885742188
17.234,314.51129150390625
17.234,204.7329864501953
17.249,183.05262756347656
17.249,184.15866088867188
17.269,322.8538513183594
17.279,328.6328125
17.292,193.40499877929688
17.292,202.12435913085938
17.312,207.39682006835938
17.324,202.12435913085938
17.324,322.8538513183594
17.344,328.6328125
17.354,314.51129150390625
17.401,322.8538513183594
17.401,363.94873046875
17.411,360.4660949707031
17.411,357.0420227050781
17.431,353.67498779296875
17.431,343.9024353027344
17.441,347.1065673828125
17.441,378.4955749511719
17.461,371.09564208984375
17.461,363.94873046875
17.471,353.67498779296875
17.471,357.0420227050781
17.491,360.4660949707031
17.491,334.5952453613281
17.501,340.75
17.501,357.0420227050781
17.521,360.4660949707031
17.521,371.09564208984375
17.531,371.09564208984375
17.531,340.75
17.55,347.1065673828125
17.55,350.3636474609375
17.56,357.0420227050781
17.578,347.1065673828125
17.598,340.75
17.606,214.30978393554688
17.641,211.5
17.651,187.5414581298828
17.696,188.69117736816406
17.716,172.54794311523438
17.743,177.6775665283203
17.763,158.474365234375
17.771,162.960693359375
17.789,153.33749389648438
17.803,154.1757354736328
17.823,155.8734130859375
17.831,155.02101135253906
17.85,162.960693359375
17.863,167.64732360839844
17.88,159.35621643066406
17.896,162.960693359375
17.906,150.86419677734375
17.921,147.659912109375
17.937,140.81640625
17.952,143.04347229003906
17.997,139.36045837402344
18.012,137.9269256591797
18.031,138.64093017578125
18.047,135.81748962402344
18.056,140.08560180664062
18.071,140.08560180664062
18.091,135.81748962402344
18.107,136.51527404785156
18.117,129.12088012695312
18.132,128.4781036376953
18.147,121.11538696289062
18.167,119.3702392578125
18.177,118.79655456542969
18.192,118.79655456542969
18.208,112.73754119873047
18.24,113.80602264404297
18.258,110.12744903564453
18.298,111.16118621826172
18.314,108.60194396972656
18.332,109.10713958740234
18.341,106.61341857910156
18.357,106.12420654296875
18.372,102.31987762451172
18.387,102.31987762451172
18.402,98.25981903076172
18.417,97.8222885131836
18.433,101.39814758300781
18.449,100.94153594970703
18.461,96.09821319580078
18.477,97.38739013671875
18.497,92.77034759521484
18.513,92.77034759521484
18.521,83.30081176757812
18.542,83.65489196777344
18.551,78.86649322509766
18.599,79.19685363769531
18.615,76.92010498046875
18.627,76.6015396118164
18.642,78.53785705566406
18.657,78.2109375
18.672,80.875
18.687,81.21600341796875
18.702,81.55882263183594
18.716,81.21600341796875
18.734,74.11083221435547
18.746,73.5037612915039
18.764,72.90274047851562
18.776,72.30769348144531
18.792,73.80653381347656
18.807,73.5037612915039
18.824,74.41666412353516
18.842,74.41666412353516
18.855,72.60447692871094
18.899,72.90274047851562
18.915,72.01237487792969
18.931,72.30769348144531
18.941,70.55745697021484
18.957,70.84558868408203
18.972,70.55745697021484
18.987,70.2707290649414
19.032,69.13768005371094
19.051,69.13768005371094
19.065,71.1351318359375
19.08,70.84558868408203
19.094,72.01237487792969
19.106,72.01237487792969
19.126,71.71852111816406
19.14,71.1351318359375
19.154,70.2707290649414
19.199,69.98540496826172
19.211,69.13768005371094
19.227,69.41888427734375
19.244,67.47856903076172
19.256,67.47856903076172
19.272,67.20664978027344
19.288,66.66666412353516
19.301,66.3985824584961
19.317,66.93601989746094
19.346,66.66666412353516
19.362,66.93601989746094
19.377,66.66666412353516
19.394,67.20664978027344
19.409,66.66666412353516
19.421,66.3985824584961
19.439,67.20664978027344
19.451,68.02631378173828
19.501,66.66666412353516
19.513,67.20664978027344
19.526,66.93601989746094
19.542,66.93601989746094
19.557,68.02631378173828
19.575,68.02631378173828
19.59,67.47856903076172
19.603,68.02631378173828
19.619,68.85783386230469
19.631,68.85783386230469
19.647,68.30215454101562
19.666,68.85783386230469
19.68,67.75179290771484
19.695,68.30215454101562
19.709,68.57933044433594
19.721,68.57933044433594
19.737,69.98540496826172
19.754,69.98540496826172
19.799,71.1351318359375
19.813,70.84558868408203
19.829,71.1351318359375
19.841,70.84558868408203
19.858,75.34351348876953
19.874,74.72405242919922
19.886,75.03299713134766
19.901,75.65560913085938
19.92,75.65560913085938
19.933,75.34351348876953
19.946,82.59838104248047
19.961,82.94864654541016
19.98,86.18836212158203
19.994,86.18836212158203
20.006,86.55833435058594
20.025,86.55833435058594
20.039,89.59375
20.053,89.98290252685547
20.096,89.59375
20.113,89.59375
20.127,97.8222885131836
20.143,97.8222885131836
20.157,103.25312805175781
20.171,106.12420654296875
20.188,104.67507934570312
20.204,103.25312805175781
20.216,111.16118621826172
20.233,110.64262390136719
20.248,116.54081726074219
20.261,116.54081726074219
20.277,120.52961730957031
20.306,121.11538696289062
20.324,118.79655456542969
20.336,118.79655456542969
20.351,119.3702392578125
20.396,119.3702392578125
20.411,132.40672302246094
20.43,131.73977661132812
20.444,164.81057739257812
20.456,157.60000610351562
20.471,162.04782104492188
20.49,162.960693359375
20.503,156.73304748535156
20.516,155.02101135253906
20.534,165.74778747558594
20.546,166.69332885742188
20.564,180.87203979492188
20.576,180.87203979492188
20.591,223.11798095703125
20.607,221.6089324951172
20.625,203.421875
20.639,202.12435913085938
20.651,207.39682006835938
20.696,206.05789184570312
20.715,325.7209167480469
20.729,325.7209167480469
20.741,328.6328125
20.756,322.8538513183594
20.771,340.75
20.788,343.9024353027344
20.803,340.75
20.816,363.94873046875
20.832,334.5952453613281
20.85,340.75
20.863,350.3636474609375
20.876,353.67498779296875
20.892,371.09564208984375
20.91,382.2946472167969
20.923,394.1100769042969
20.939,398.1944580078125
20.951,350.3636474609375
20.999,350.3636474609375
21.013,337.64801025390625
21.029,334.5952453613281
21.045,363.94873046875
21.057,360.4660949707031
21.074,390.1000061035156
21.086,394.1100769042969
21.104,386.16217041015625
21.116,386.16217041015625
21.135,382.2946472167969
21.148,382.2946472167969
21.164,246.1768341064453
21.176,232.5406951904297
21.195,200.8402099609375
21.208,203.421875
21.224,191.02474975585938
21.24,189.8522186279297
21.253,178.73239135742188
21.297,172.54794311523438
21.314,155.02101135253906
21.33,155.02101135253906
21.343,156.73304748535156
21.36,161.14285278320312
21.373,156.73304748535156
21.389,158.474365234375
21.405,153.33749389648438
21.417,150.05328369140625
21.435,155.02101135253906
21.447,156.73304748535156
21.465,144.55776977539062
21.477,145.32400512695312
21.493,143.04347229003906
21.509,142.29527282714844
21.525,137.2183837890625
21.537,138.64093017578125
21.554,137.2183837890625
21.61,139.36045837402344
21.617,131.07777404785156
21.627,132.40672302246094
21.627,140.08560180664062
21.645,138.64093017578125
21.645,129.12088012695312
21.657,135.125
21.657,129.7683868408203
21.675,130.42066955566406
21.675,125.95323944091797
21.687,124.10675811767578
21.687,113.80602264404297
21.705,111.16118621826172
21.705,107.60128784179688
21.718,105.15505981445312
21.718,105.15505981445312
21.734,99.14286041259766
21.734,100.03669738769531
21.75,97.8222885131836
21.75,90.76790618896484
21.762,83.65489196777344
21.762,79.19685363769531
21.779,77.24031066894531
21.779,80.19841003417969
21.793,84.36885070800781
21.793,82.25
21.808,77.88571166992188
21.808,74.41666412353516
21.823,72.90274047851562
21.823,71.71852111816406
21.838,71.1351318359375
21.838,70.84558868408203
21.854,69.70145416259766
21.854,69.70145416259766
21.899,69.13768005371094
21.899,69.98540496826172
21.915,70.55745697021484
21.915,68.02631378173828
21.927,68.85783386230469
21.927,68.02631378173828
21.945,66.13176727294922
21.945,65.33878326416016
21.957,64.81627655029297
21.957,65.60187530517578
21.975,65.86619567871094
21.975,65.60187530517578
21.987,66.13176727294922
21.987,66.93601989746094
22.004,66.3985824584961
22.004,65.60187530517578
22.019,66.66666412353516
22.019,67.20664978027344
22.035,69.41888427734375
22.035,67.47856903076172
22.047,68.02631378173828
22.047,69.41888427734375
22.065,70.2707290649414
22.065,69.70145416259766
22.077,70.2707290649414
22.077,74.41666412353516
22.095,74.11083221435547
22.095,74.72405242919922
22.107,75.96930694580078
22.107,79.86280059814453
22.125,84.36885070800781
22.125,89.98290252685547
22.137,93.58772277832031
22.137,97.38739013671875
22.155,103.72413635253906
22.155,107.60128784179688
22.2,122.89752960205078
22.2,124.10675811767578
22.212,129.12088012695312
22.212,151.68182373046875
22.229,161.14285278320312
22.229,156.73304748535156
22.245,171.5500030517578
22.245,199.56922912597656
22.257,325.7209167480469
22.257,357.0420227050781
22.274,347.1065673828125
22.274,374.7631530761719
22.29,367.49139404296875
22.29,343.9024353027344
22.302,371.09564208984375
22.302,374.7631530761719
22.32,394.1100769042969
22.32,374.7631530761719
22.332,353.67498779296875
22.332,343.9024353027344
22.35,232.5406951904297
22.35,198.31121826171875
22.362,189.8522186279297
22.362,171.5500030517578
22.379,167.64732360839844
22.379,159.35621643066406
22.395,150.05328369140625
22.395,153.33749389648438
22.407,141.55294799804688
22.407,143.79762268066406
22.425,136.51527404785156
22.425,138.64093017578125
22.437,140.08560180664062
22.437,131.73977661132812
22.454,131.07777404785156
22.454,130.42066955566406
22.498,122.2992935180664
22.498,113.2699966430664
22.513,112.20861053466797
22.513,110.64262390136719
22.526,106.61341857910156
22.526,107.10576629638672
22.544,95.67359161376953
22.544,96.09821319580078
22.56,88.82203674316406
22.56,82.25
22.604,77.88571166992188
22.604,78.2109375
22.62,77.56217956542969
22.62,77.24031066894531
22.632,79.86280059814453
22.632,79.52894592285156
22.678,82.25
22.678,82.59838104248047
22.691,81.90348815917969
22.691,82.25
22.709,76.92010498046875
22.709,76.6015396118164
22.737,74.41666412353516
22.737,73.80653381347656
22.754,73.20249938964844
22.754,73.20249938964844
22.798,72.90274047851562
22.798,72.90274047851562
22.874,74.72405242919922
22.874,74.72405242919922
22.889,72.90274047851562
22.889,72.60447692871094
22.905,70.84558868408203
22.905,71.1351318359375
22.917,71.1351318359375
22.917,71.1351318359375
22.934,71.71852111816406
22.95,71.71852111816406
22.95,70.84558868408203
22.962,70.84558868408203
22.962,71.1351318359375
22.98,71.42610931396484
22.98,69.70145416259766
22.992,69.41888427734375
22.992,69.13768005371094
23.009,69.41888427734375
23.009,68.02631378173828
23.025,68.30215454101562
23.025,66.3985824584961
23.037,66.66666412353516
23.037,65.86619567871094
23.054,66.3985824584961
23.054,65.07691955566406
23.069,65.33878326416016
23.069,65.60187530517578
23.085,65.33878326416016
23.085,66.3985824584961
23.097,66.13176727294922
23.097,66.13176727294922
23.145,66.3985824584961
23.145,66.13176727294922
23.157,66.3985824584961
23.157,66.93601989746094
23.174,66.3985824584961
23.174,67.20664978027344
23.189,67.75179290771484
23.189,66.66666412353516
23.205,66.66666412353516
23.205,66.93601989746094
23.217,66.93601989746094
23.217,67.47856903076172
23.234,67.20664978027344
23.234,66.66666412353516
23.25,67.20664978027344
23.25,66.93601989746094
23.262,67.47856903076172
23.262,68.02631378173828
23.279,68.02631378173828
23.279,68.85783386230469
23.295,68.85783386230469
23.295,70.55745697021484
23.307,69.98540496826172
23.307,71.71852111816406
23.324,71.71852111816406
23.324,72.30769348144531
23.34,73.20249938964844
23.34,75.65560913085938
23.352,74.72405242919922
23.352,76.6015396118164
23.369,77.24031066894531
23.369,78.2109375
23.385,77.88571166992188
23.385,81.90348815917969
23.397,82.94864654541016
23.397,87.68067169189453
23.445,87.68067169189453
23.445,85.45454406738281
23.457,85.09066009521484
23.457,86.55833435058594
23.474,87.3044662475586
23.474,88.82203674316406
23.503,88.05899047851562
23.519,91.9624252319336
23.534,92.36521911621094
23.55,98.69999694824219
23.562,98.69999694824219
23.579,103.25312805175781
23.595,104.67507934570312
23.607,113.2699966430664
23.624,115.4358139038086
23.638,124.71785736083984
23.651,126.5776138305664
23.668,125.95323944091797
23.684,124.71785736083984
23.696,135.125
23.744,135.125
23.757,146.0963897705078
23.774,143.79762268066406
23.79,156.73304748535156
23.802,154.1757354736328
23.819,162.04782104492188
23.835,160.24569702148438
23.847,179.7971649169922
23.864,188.69117736816406
23.88,167.64732360839844
23.892,163.88157653808594
23.909,189.8522186279297
23.922,192.20895385742188
23.939,178.73239135742188
23.952,178.73239135742188
23.969,251.63975524902344
23.984,240.91018676757812
23.997,188.69117736816406
24.045,208.75
24.057,207.39682006835938
24.074,322.8538513183594
24.09,328.6328125
24.102,328.6328125
24.119,325.7209167480469
24.147,378.4955749511719
24.164,382.2946472167969
24.18,367.49139404296875
24.192,371.09564208984375
24.209,374.7631530761719
24.222,371.09564208984375
24.239,360.4660949707031
24.252,360.4660949707031
24.269,334.5952453613281
24.285,331.5905456542969
24.297,347.1065673828125
24.344,350.3636474609375
24.359,363.94873046875
24.372,357.0420227050781
24.389,374.7631530761719
24.403,371.09564208984375
24.419,378.4955749511719
24.432,371.09564208984375
24.449,314.51129150390625
24.465,314.51129150390625
24.477,289.23077392578125
24.494,289.23077392578125
24.508,306.5367736816406
24.524,314.51129150390625
24.54,217.1813201904297
24.568,215.73770141601562
24.584,200.8402099609375
24.597,204.7329864501953
24.645,179.7971649169922
24.657,183.05262756347656
24.674,169.58108520507812
24.69,168.60986328125
24.702,162.04782104492188
24.719,162.04782104492188
24.735,156.73304748535156
24.747,153.33749389648438
24.764,163.88157653808594
24.779,161.14285278320312
24.795,143.79762268066406
24.807,146.875
24.824,146.875
24.837,150.86419677734375
24.854,133.75564575195312
24.867,133.0786590576172
24.884,137.9269256591797
24.897,137.2183837890625
24.945,137.2183837890625
24.957,135.125
24.974,135.125
24.987,133.75564575195312
25.004,133.0786590576172
25.02,133.0786590576172
25.032,131.73977661132812
25.049,132.40672302246094
25.065,126.5776138305664
25.077,125.95323944091797
25.094,122.2992935180664
25.109,121.70526123046875
25.122,115.4358139038086
25.139,113.80602264404297
25.154,112.20861053466797
25.17,111.16118621826172
25.182,111.68316650390625
25.199,113.2699966430664
25.243,106.12420654296875
25.26,107.10576629638672
25.272,103.72413635253906
25.288,103.72413635253906
25.301,104.19811248779297
25.318,105.63809204101562
25.331,100.94153594970703
25.348,102.78504943847656
25.361,96.52537536621094
25.378,96.52537536621094
25.391,81.55882263183594
25.424,82.25
25.437,77.88571166992188
25.454,77.24031066894531
25.47,77.56217956542969
25.48,78.2109375
25.486,81.21600341796875
25.499,80.19841003417969
25.499,84.01090240478516
25.543,84.01090240478516
25.543,80.875
25.556,81.21600341796875
25.556,77.24031066894531
25.573,76.92010498046875
25.573,74.11083221435547
25.586,74.41666412353516
25.586,73.80653381347656
25.603,73.20249938964844
25.603,72.90274047851562
25.616,73.5037612915039
25.616,73.80653381347656
25.633,74.72405242919922
25.633,70.84558868408203
25.646,71.1351318359375
25.646,72.30769348144531
25.663,72.60447692871094
25.663,70.55745697021484
25.676,70.2707290649414
25.676,69.41888427734375
25.693,69.70145416259766
25.693,69.98540496826172
25.706,70.55745697021484
25.723,71.42610931396484
25.737,68.85783386230469
25.737,67.75179290771484
25.755,66.13176727294922
25.755,65.86619567871094
25.77,65.60187530517578
25.77,66.13176727294922
25.782,66.66666412353516
25.782,66.66666412353516
25.798,66.3985824584961
25.798,66.93601989746094
25.845,66.66666412353516
25.845,66.66666412353516
25.855,67.75179290771484
25.871,69.41888427734375
25.886,68.57933044433594
25.902,68.02631378173828
25.918,70.84558868408203
25.931,71.1351318359375
25.949,72.60447692871094
25.961,72.60447692871094
25.979,75.65560913085938
25.991,75.65560913085938
26.009,74.41666412353516
26.021,74.41666412353516
26.038,75.03299713134766
26.051,75.03299713134766
26.068,76.92010498046875
26.084,77.88571166992188
26.1,83.30081176757812
26.144,83.30081176757812
26.157,86.18836212158203
26.173,87.3044662475586
26.19,84.36885070800781
26.201,85.82044219970703
26.217,87.3044662475586
26.234,86.93035888671875
26.246,89.98290252685547
26.262,89.98290252685547
26.278,96.09821319580078
26.294,97.8222885131836
26.306,103.25312805175781
26.324,101.85758209228516
26.336,104.19811248779297
26.352,104.19811248779297
26.368,112.20861053466797
26.385,112.73754119873047
26.396,117.0989761352539
26.445,116.54081726074219
26.46,116.54081726074219
26.47,117.66095733642578
26.476,130.42066955566406
26.488,131.73977661132812
26.488,143.04347229003906
26.504,144.55776977539062
26.504,161.14285278320312
26.52,154.1757354736328
26.52,162.960693359375
26.531,163.88157653808594
26.531,185.27536010742188
26.547,180.87203979492188
26.547,165.74778747558594
26.563,164.81057739257812
26.563,178.73239135742188
26.58,185.27536010742188
26.58,184.15866088867188
26.591,179.7971649169922
26.591,232.5406951904297
26.607,232.5406951904297
26.607,208.75
26.623,208.75
26.623,208.75
26.64,207.39682006835938
26.64,322.8538513183594
26.651,325.7209167480469
26.651,331.5905456542969
26.667,325.7209167480469
26.667,353.67498779296875
26.745,360.4660949707031
26.745,357.0420227050781
26.755,350.3636474609375
26.774,343.9024353027344
26.786,340.75
26.802,353.67498779296875
26.818,350.3636474609375
26.838,347.1065673828125
26.846,343.9024353027344
26.862,331.5905456542969
26.878,334.5952453613281
26.894,353.67498779296875
26.909,360.4660949707031
26.925,378.4955749511719
26.936,390.1000061035156
26.952,378.4955749511719
26.972,371.09564208984375
26.982,343.9024353027344
26.997,337.64801025390625
27.041,309.1555480957031
27.057,212.8972930908203
27.073,193.40499877929688
27.093,169.58108520507812
27.101,166.69332885742188
27.117,157.60000610351562
27.137,155.02101135253906
27.147,154.1757354736328
27.163,161.14285278320312
27.183,138.64093017578125
27.191,137.2183837890625
27.207,139.36045837402344
27.227,139.36045837402344
27.237,132.40672302246094
27.256,133.75564575195312
27.266,127.83999633789062
27.286,127.2065200805664
27.296,121.70526123046875
27.347,122.89752960205078
27.356,118.226806640625
27.372,118.226806640625
27.392,112.20861053466797
27.402,111.16118621826172
27.418,113.80602264404297
27.438,112.73754119873047
27.446,110.64262390136719
27.462,109.61563873291016
27.482,108.0999984741211
27.492,108.60194396972656
27.512,104.19811248779297
27.522,103.72413635253906
27.542,100.94153594970703
27.551,100.48773193359375
27.571,100.94153594970703
27.571,101.85758209228516
27.589,98.25981903076172
27.589,97.8222885131836
27.599,93.58772277832031
27.599,93.17784118652344
27.647,86.18836212158203
27.647,86.93035888671875
27.662,81.21600341796875
27.662,80.875
27.672,81.55882263183594
27.672,81.55882263183594
27.687,84.72876739501953
27.687,84.72876739501953
27.706,79.52894592285156
27.706,79.52894592285156
27.716,75.34351348876953
27.716,75.65560913085938
27.736,74.72405242919922
27.736,74.72405242919922
27.746,73.80653381347656
27.746,73.20249938964844
27.765,75.65560913085938
27.765,75.65560913085938
27.776,73.5037612915039
27.776,74.11083221435547
27.794,72.60447692871094
27.794,72.60447692871094
27.814,72.01237487792969
27.814,72.01237487792969
27.824,72.30769348144531
27.824,72.30769348144531
27.844,70.84558868408203
27.844,70.84558868408203
27.854,70.2707290649414
27.854,71.1351318359375
27.874,71.1351318359375
27.874,72.01237487792969
27.884,72.30769348144531
27.884,73.20249938964844
27.902,70.84558868408203
27.902,70.84558868408203
27.941,70.55745697021484
27.941,70.55745697021484
27.961,69.70145416259766
27.961,69.98540496826172
27.991,65.60187530517578
27.991,65.86619567871094
28.001,65.60187530517578
28.001,66.13176727294922
28.021,67.20664978027344
28.021,67.20664978027344
28.031,67.20664978027344
28.031,67.47856903076172
28.067,67.47856903076172
28.067,67.47856903076172
28.096,67.20664978027344
28.096,67.47856903076172
28.106,67.75179290771484
28.106,68.02631378173828
28.126,68.02631378173828
28.126,68.30215454101562
28.136,67.75179290771484
28.136,68.30215454101562
28.151,68.30215454101562
28.151,68.02631378173828
28.185,69.13768005371094
28.2,68.57933044433594
28.246,68.57933044433594
28.256,69.13768005371094
28.287,69.70145416259766
28.307,70.2707290649414
28.316,69.70145416259766
28.333,69.70145416259766
28.353,70.2707290649414
28.363,70.2707290649414
28.38,71.71852111816406
28.395,72.60447692871094
28.405,71.71852111816406
28.411,72.60447692871094
28.424,76.6015396118164
28.424,77.56217956542969
28.455,75.34351348876953
28.455,78.86649322509766
28.465,85.45454406738281
28.481,86.18836212158203
28.501,86.18836212158203
28.542,88.82203674316406
28.562,91.1637954711914
28.571,98.69999694824219
28.588,104.19811248779297
28.608,109.10713958740234
28.618,109.10713958740234
28.635,110.12744903564453
28.65,114.88888549804688
28.66,115.4358139038086
28.666,117.66095733642578
28.682,124.10675811767578
28.682,123.5
28.692,126.5776138305664
28.692,133.75564575195312
28.709,163.88157653808594
28.709,159.35621643066406
28.726,184.15866088867188
28.726,180.87203979492188
28.738,200.8402099609375
28.738,204.7329864501953
28.755,317.25
28.755,367.49139404296875
28.77,363.94873046875
28.77,343.9024353027344
28.78,382.2946472167969
28.803,374.7631530761719
28.843,382.2946472167969
28.863,360.4660949707031
28.873,360.4660949707031
28.89,347.1065673828125
28.905,350.3636474609375
28.915,378.4955749511719
28.922,378.4955749511719
28.934,371.09564208984375
28.934,371.09564208984375
28.951,311.8134460449219
28.951,343.9024353027344
28.961,337.64801025390625
28.961,343.9024353027344
28.977,350.3636474609375
28.977,203.421875
28.997,211.5
28.997,188.69117736816406
29.007,185.27536010742188
29.007,166.69332885742188
29.024,162.960693359375
29.024,155.02101135253906
29.044,157.60000610351562
29.044,159.35621643066406
29.054,159.35621643066406
29.054,159.35621643066406
29.071,158.474365234375
29.071,165.74778747558594
29.086,150.86419677734375
29.086,158.474365234375
29.096,140.81640625
29.096,150.05328369140625
29.148,143.04347229003906
29.148,142.29527282714844
29.158,135.81748962402344
29.158,136.51527404785156
29.175,133.75564575195312
29.175,131.73977661132812
29.19,125.95323944091797
29.19,128.4781036376953
29.2,121.11538696289062
29.218,121.70526123046875
29.235,119.3702392578125
29.266,117.66095733642578
29.276,109.61563873291016
29.296,109.61563873291016
29.306,108.60194396972656
29.326,108.60194396972656
29.336,109.10713958740234
29.356,110.12744903564453
29.366,106.12420654296875
29.386,106.61341857910156
29.396,105.15505981445312
29.444,104.19811248779297
29.46,104.19811248779297
29.475,101.85758209228516
29.485,100.94153594970703
29.491,93.17784118652344
29.503,84.72876739501953
29.503,79.86280059814453
29.523,78.53785705566406
29.523,82.25
29.533,85.45454406738281
29.533,84.72876739501953
29.549,74.41666412353516
29.549,74.41666412353516
29.585,72.30769348144531
29.585,72.90274047851562
29.612,72.60447692871094
29.622,72.60447692871094
29.642,75.03299713134766
29.652,74.72405242919922
29.672,72.90274047851562
29.682,72.30769348144531
29.702,71.1351318359375
29.746,69.98540496826172
29.756,70.84558868408203
29.776,71.71852111816406
29.805,70.55745697021484
29.815,70.55745697021484
29.825,70.84558868408203
29.855,71.42610931396484
29.855,69.98540496826172
29.878,70.2707290649414
29.894,69.13768005371094
29.91,67.47856903076172
29.924,66.66666412353516
29.944,65.86619567871094
29.954,66.66666412353516
29.974,66.3985824584961
29.984,66.93601989746094
30.004,66.93601989746094
30.045,67.20664978027344
30.057,67.47856903076172
30.073,67.20664978027344
30.089,67.20664978027344
30.105,67.47856903076172
30.12,68.30215454101562
30.13,68.30215454101562
30.14,69.41888427734375
30.17,69.41888427734375
30.17,69.13768005371094
30.193,68.85783386230469
30.209,68.30215454101562
30.209,68.02631378173828
30.229,69.98540496826172
30.229,69.70145416259766
30.236,71.71852111816406
30.236,70.84558868408203
30.256,70.84558868408203
30.256,71.1351318359375
30.266,71.71852111816406
30.266,71.1351318359375
30.286,76.28461456298828
30.286,76.28461456298828
30.296,75.65560913085938
30.296,75.96930694580078
30.344,82.25
30.344,81.90348815917969
30.36,89.20680236816406
30.36,89.20680236816406
30.373,86.93035888671875
30.373,86.93035888671875
30.389,88.05899047851562
30.389,87.3044662475586
30.409,90.76790618896484
30.409,97.8222885131836
30.419,97.38739013671875
30.419,103.72413635253906
30.439,106.61341857910156
30.439,116.54081726074219
30.449,116.54081726074219
30.449,124.10675811767578
30.469,122.2992935180664
30.469,121.70526123046875
30.479,123.5
30.479,129.7683868408203
30.499,129.12088012695312
30.499,135.125
30.507,137.2183837890625
30.507,151.68182373046875
30.555,150.86419677734375
30.555,150.86419677734375
30.57,150.86419677734375
30.57,174.57142639160156
30.58,174.57142639160156
30.59,183.05262756347656
30.6,181.95713806152344
30.643,194.61306762695312
30.643,193.40499877929688
30.659,197.0659942626953
30.659,197.0659942626953
30.675,325.7209167480469
30.675,325.7209167480469
30.688,340.75
30.688,334.5952453613281
30.704,340.75
30.704,357.0420227050781
30.72,353.67498779296875
30.72,334.5952453613281
30.731,343.9024353027344
30.731,378.4955749511719
30.751,378.4955749511719
30.751,378.4955749511719
30.761,382.2946472167969
30.761,386.16217041015625
30.781,382.2946472167969
30.781,337.64801025390625
30.791,334.5952453613281
30.791,357.0420227050781
30.811,350.3636474609375
30.811,398.1944580078125
30.821,398.1944580078125
30.821,390.1000061035156
30.841,378.4955749511719
30.841,382.2946472167969
30.851,386.16217041015625
30.851,371.09564208984375
30.871,374.7631530761719
30.871,255.39622497558594
30.881,229.3275909423828
30.881,195.8333282470703
30.901,198.31121826171875
30.901,192.20895385742188
30.943,192.20895385742188
30.943,169.58108520507812
30.959,166.69332885742188
30.959,159.35621643066406
30.975,156.73304748535156
30.975,156.73304748535156
30.986,151.68182373046875
30.986,158.474365234375
31.006,166.69332885742188
31.006,150.86419677734375
31.016,150.86419677734375
31.016,152.5062255859375
31.036,150.86419677734375
31.036,139.36045837402344
31.046,137.2183837890625
31.046,137.9269256591797
31.066,141.55294799804688
31.066,131.73977661132812
31.076,138.64093017578125
31.076,114.88888549804688
31.096,111.16118621826172
31.096,109.61563873291016
31.106,112.73754119873047
31.106,103.72413635253906
31.126,103.72413635253906
31.126,100.48773193359375
31.136,98.69999694824219
31.136,96.95509338378906
31.156,90.76790618896484
31.156,79.52894592285156
31.166,78.53785705566406
31.166,84.01090240478516
31.186,82.25
31.186,78.2109375
31.196,74.41666412353516
31.196,74.41666412353516
31.244,72.90274047851562
31.244,70.55745697021484
31.26,71.42610931396484
31.26,71.42610931396484
31.271,69.13768005371094
31.271,69.98540496826172
31.291,70.55745697021484
31.291,70.2707290649414
31.301,69.13768005371094
31.301,68.57933044433594
31.321,67.47856903076172
31.321,66.93601989746094
31.331,65.86619567871094
31.331,64.81627655029297
31.351,65.60187530517578
31.351,66.13176727294922
31.361,65.86619567871094
31.361,66.66666412353516
31.381,66.93601989746094
31.381,66.3985824584961
31.391,67.75179290771484
31.391,68.57933044433594
31.411,68.85783386230469
31.411,68.30215454101562
31.421,68.30215454101562
31.421,67.20664978027344
31.441,68.85783386230469
31.441,69.70145416259766
31.451,71.1351318359375
31.451,73.80653381347656
31.471,75.34351348876953
31.471,74.72405242919922
31.481,74.72405242919922
31.481,77.88571166992188
31.545,81.90348815917969
31.545,88.82203674316406
31.556,90.37428283691406
31.556,93.58772277832031
31.576,99.14286041259766
31.576,106.12420654296875
31.586,111.16118621826172
31.586,112.20861053466797
31.606,115.4358139038086
31.606,122.89752960205078
31.616,117.66095733642578
31.616,138.64093017578125
31.635,143.04347229003906
31.635,150.05328369140625
31.655,157.60000610351562
31.665,176.63255310058594
31.681,174.57142639160156
31.681,178.73239135742188
31.691,210.11764526367188
31.691,311.8134460449219
31.711,337.64801025390625
31.711,334.5952453613281
31.721,350.3636474609375
31.721,343.9024353027344
31.741,343.9024353027344
31.741,410.9142761230469
31.751,367.49139404296875
31.761,363.94873046875
31.781,337.64801025390625
31.796,357.0420227050781
31.844,367.49139404296875
31.86,378.4955749511719
31.891,374.7631530761719
31.901,353.67498779296875
31.921,343.9024353027344
31.931,320.0305480957031
31.951,322.8538513183594
31.961,314.51129150390625
31.981,317.25
31.991,185.27536010742188
32.006,188.69117736816406
32.026,172.54794311523438
32.036,174.57142639160156
32.053,155.02101135253906
32.053,157.60000610351562
32.073,159.35621643066406
32.073,158.474365234375
32.081,176.63255310058594
,176.63255310058594
,156.73304748535156
,155.8734130859375
,152.5062255859375
,149.2489776611328
,148.4512176513672
,147.659912109375
,140.81640625
,137.2183837890625
,142.29527282714844
,141.55294799804688
,139.36045837402344
,140.08560180664062
,135.125
,135.125
,131.73977661132812
,132.40672302246094
,135.125
,121.70526123046875
